imdbId,title,releaseYear
tt0118578,Albela,2001
tt0169102,Lagaan: Once Upon a Time in India,2001
tt0187279,Meri Biwi Ka Jawab Nahin,2004
tt0222024,Hum Tumhare Hain Sanam,2002
tt0227194,One 2 Ka 4,2001
tt0238936,Devdas,2002
tt0247911,Aap Mujhe Achche Lagne Lage,2002
tt0248126,Kabhi Khushi Kabhie Gham...,2001
tt0248216,Na Tum Jaano Na Hum,2002
tt0248617,Yaadein...,2001
tt0255713,Zubeidaa,2001
tt0256692,Chori Chori Chupke Chupke,2001
tt0265148,Main Prem Ki Diwani Hoon,2003
tt0265452,Officer,2001
tt0267363,Chandni Bar,2001
tt0271604,Kuch Khatti Kuch Meethi,2001
tt0272543,Censor,2001
tt0272607,Farz,2001
tt0272735,Mujhe Meri Biwi Se Bachaao,2001
tt0272736,Mujhse Dosti Karoge!,2002
tt0273164,Daman: A Victim of Marital Violence,2001
tt0273406,Aashiq,2001
tt0273535,Dil Ne Phir Yaad Kiya,2001
tt0274019,Pyaar Diwana Hota Hai,2002
tt0275381,Grahan,2001
tt0277981,Rahul,2001
tt0278291,Ajnabee,2001
tt0278522,Jodi No.1,2001
tt0279021,Chhupa Rustam: A Musical Thriller,2001
tt0280720,The Guru,2002
tt0281102,Pyaar Tune Kya Kiya...,2001
tt0283911,Bas Itna Sa Khwaab Hai...,2001
tt0284137,Gadar: Ek Prem Katha,2001
tt0284328,Mujhe Kucch Kehna Hai,2001
tt0285319,Paagalpan,2001
tt0287537,Love Ke Liye Kuch Bhi Karega,2001
tt0288273,Uljhan,2001
tt0289845,Aks,2001
tt0290326,Tum Bin...: Love Will Find a Way,2001
tt0291376,Nayak: The Real Hero,2001
tt0292490,Dil Chahta Hai,2001
tt0292552,Hum Ho Gaye Aap Ke,2001
tt0292740,Yeh Raaste Hain Pyaar Ke,2001
tt0293342,Lajja,2001
tt0294662,Kaante,2002
tt0295603,Shirdi Sai Baba,2001
tt0296535,Bollywood Bound,2003
tt0296574,Company,2002
tt0297983,Ittefaq,2001
tt0298606,Yeh Teraa Ghar Yeh Meraa Ghar,2001
tt0298607,Yeh Zindagi Ka Safar,2001
tt0299108,Rehnaa Hai Terre Dil Mein,2001
tt0300028,Indian,2001
tt0301179,Deewaanapan,2001
tt0301240,Moksha: Salvation,2001
tt0301250,Tera Mera Saath Rahen,2001
tt0302524,Ehsaas: The Feeling,2001
tt0303187,Veer Savarkar,2001
tt0305173,Aamdani Atthanni Kharcha Rupaiya,2001
tt0305455,Pitaah,2002
tt0306434,Aankhen,2002
tt0306840,Koi Mere Dil Se Poochhe,2002
tt0306855,Style,2001
tt0307116,Maa Tujhhe Salaam,2002
tt0307682,Yeh Dil Aashiqanaa,2002
tt0307866,Filhaal...,2002
tt0308347,Haan Maine Bhi Pyaar Kiya,2002
tt0309087,Yeh Mohabbat Hai,2002
tt0310254,Tumko Na Bhool Paayenge,2002
tt0311411,Kranti,2002
tt0312664,Escape from Taliban,2003
tt0312883,Kya Yehi Pyaar Hai,2002
tt0313395,Kitne Door... Kitne Paas,2002
tt0313743,Vadh,2002
tt0313844,16 December,2002
tt0314006,Dum,2003
tt0314008,Durga,2002
tt0314186,Humko Tumse Pyaar Hai,2006
tt0315632,Road,2002
tt0315767,Angaar: The Fire,2002
tt0315777,Ansh: The Deadly Part,2002
tt0316154,Lal Salaam,2002
tt0316911,Yeh Kaisi Mohabbat,2002
tt0317811,Kasam,2001
tt0319020,Awara Paagal Deewana,2002
tt0319736,The Legend of Bhagat Singh,2002
tt0321067,Ab Ke Baras,2002
tt0322653,Mere Yaar Ki Shaadi Hai,2002
tt0323013,Lakshya,2004
tt0324951,23rd March 1931: Shaheed,2002
tt0325041,Badhaai Ho Badhaai,2002
tt0326576,Humraaz,2002
tt0326600,Maine Dil Tujhko Diya,2002
tt0326805,Chori Chori,2003
tt0326983,Jaani Dushman: Ek Anokhi Kahani,2002
tt0327004,Kuch Tum Kaho Kuch Hum Kahein,2002
tt0327005,Kyaa Dil Ne Kahaa,2002
tt0327071,Om Jai Jagadish,2002
tt0328503,Taj Mahal: An Eternal Love Story,2005
tt0328671,Yeh Hai Jalwa,2002
tt0328729,Dil Maange More!!!,2004
tt0328998,Dil Hai Tumhaara,2002
tt0329620,Soch,2002
tt0330082,Boom,2003
tt0330217,Dil Ka Rishta,2003
tt0330783,Pran Jaaye Par Shaan Na Jaaye,2003
tt0330843,Saathiya,2002
tt0331216,Chor Machaaye Shor,2002
tt0331256,Gunaah,2002
tt0331421,Akhiyon Se Goli Maare,2002
tt0331453,Chhal,2002
tt0331479,Ek Chhotisi Love Story,2002
tt0331639,Shakthi: The Power,2002
tt0331851,Armaan,2003
tt0332766,Sur: The Melody of Life,2002
tt0335044,Dil Vil Pyar Vyar,2002
tt0335592,Pyaasa,2002
tt0337578,Baghban,2003
tt0337633,Hathyar: Face to Face with Reality,2002
tt0337652,Jeena Sirf Merre Liye,2002
tt0337971,Deewangee,2002
tt0337998,Ek Hindustani,2003
tt0338477,Talaash: The Hunt Begins...,2003
tt0338566,Yeh Kya Ho Raha Hai?,2002
tt0338721,Annarth,2002
tt0338959,Ek Se Badhkar Ek,2004
tt0339878,Waah! Tera Kya Kehna,2002
tt0340178,Jaal: The Trap,2003
tt0340464,Zindagi Khoobsoorat Hai,2002
tt0341266,Bhoot,2003
tt0341458,Maseeha,2002
tt0341549,Rishtey,2002
tt0341562,Satta,2003
tt0342624,Karz: The Burden of Truth,2002
tt0345043,Chura Liyaa Hai Tumne,2003
tt0345102,Danger,2002
tt0345594,Love at Times Square,2003
tt0346457,The Rising: Ballad of Mangal Pandey,2005
tt0346507,Andaaz,2003
tt0346548,Avgat,2001
tt0346723,Chalte Chalte,2003
tt0347167,The Hero: Love Story of a Spy,2003
tt0347278,Jhankaar Beats,2003
tt0347304,Kal Ho Naa Ho,2003
tt0347332,Khakee,2004
tt0347416,LOC: Kargil,2003
tt0347473,Main Hoon Na,2004
tt0347779,Pinjar,2003
tt0348172,Tehzeeb,2003
tt0348190,Tere Liye,2001
tt0348258,Tujhe Meri Kasam,2003
tt0348521,Aapko Pehle Bhi Kahin Dekha Hai,2003
tt0348656,Khushi,2003
tt0348662,Kucch To Hai,2003
tt0348824,Chalo Ishq Ladaaye,2002
tt0348843,Jism,2003
tt0349058,88 Antop Hill,2003
tt0349115,Baaz: A Bird in Danger,2003
tt0349333,Darna Mana Hai,2003
tt0349620,Inteqam: The Perfect Game,2004
tt0349679,Khwahish,2003
tt0349703,Kyun! Ho Gaya Na...,2004
tt0352314,Ek Hasina Thi,2004
tt0352489,Kash... Aap Hamare Hote,2003
tt0352830,Sssshhh...,2003
tt0353351,Dhund: The Fog,2003
tt0354538,Ek Aur Ek Gyarah: By Hook or by Crook,2003
tt0354786,Oops!,2003
tt0356982,Paanch,2003
tt0357208,Stumped,2003
tt0358613,Om,2003
tt0362204,Supari,2003
tt0362696,Haasil,2003
tt0362771,Ishq Vishk,2003
tt0362902,Nayee Padosan,2003
tt0363409,Aan: Men at Work,2004
tt0363472,Bewafaa,2005
tt0363721,Joggers' Park,2003
tt0363833,Mumbai Se Aaya Mera Dost,2003
tt0364303,Dev,2004
tt0364604,Plan,2004
tt0364621,Qayamat: City Under Threat,2003
tt0366276,Calcutta Mail,2003
tt0366630,Janasheen,2003
tt0366658,Kaise Kahoon Ke... Pyaar Hai,2003
tt0366761,Meenaxi: Tale of 3 Cities,2004
tt0366880,Parwana,2003
tt0366985,Rudraksh,2004
tt0367110,Swades,2004
tt0368580,Asambhav,2004
tt0368683,Desh,2002
tt0368811,Jajantaram Mamantaram,2003
tt0369516,Hawa,2003
tt0369637,Kuch Naa Kaho,2003
tt0371735,Hungama,2003
tt0371775,Khel,2003
tt0371922,Saaya,2003
tt0373856,Gangaajal,2003
tt0373970,Khanjar,2003
tt0373972,Khullam Khulla Pyaar Karen,2005
tt0374271,Tere Naam,2003
tt0374660,Footpath,2003
tt0374848,Main Madhuri Dixit Banna Chahti Hoon!,2003
tt0374887,Munnabhai M.B.B.S.,2003
tt0375611,Black,2005
tt0375733,Encounter: The Killing,2002
tt0377126,Basti,2003
tt0377131,Raghu Romeo,2003
tt0377340,Aetbaar,2004
tt0378025,Hawayein,2003
tt0378072,Hum Tum,2004
tt0378157,Kagaar: Life on the Edge,2003
tt0379818,I Proud to Be an Indian,2004
tt0380337,Ek Din 24 Ghante,2003
tt0381090,Chupke Se,2003
tt0381408,Market,2003
tt0382176,Master,2001
tt0382188,Mumbai Matinee,2003
tt0382383,Yuva,2004
tt0382385,Zameen,2003
tt0383719,Xcuse Me,2003
tt0384491,Samay: When Time Strikes,2003
tt0385351,Yeh Lamhe Judaai Ke,2004
tt0385564,Border Hindustan Ka,2003
tt0385782,Inteha,2003
tt0385982,Raja Bhaiya,2003
tt0386121,Woh Tera Naam Tha,2004
tt0387164,Dhoop,2003
tt0387325,Jodi Kya Banayi Wah Wah Ramji,2003
tt0387486,Patth,2003
tt0387678,Waisa Bhi Hota Hai Part II,2003
tt0387989,Deewaar: Let's Bring Our Heroes Home,2004
tt0388315,Out of Control,2003
tt0389726,Aanch,2003
tt0390532,Taj Mahal: A Monument of Love,2003
tt0390614,Waqt: The Race Against Time,2005
tt0391079,Dil Pardesi Ho Gayaa,2003
tt0391099,Duplicate Sholay,2002
tt0391165,Fun2shh... Dudes in the 10th Century,2003
tt0391187,Ghaav: The Wound,2002
tt0391274,Kismat,2004
tt0392625,Pratha,2002
tt0392950,Ishq Hai Tumse,2004
tt0392951,Mudda: The Issue,2003
tt0396044,Hadh: Life on the Edge of Death,2001
tt0396057,Hum Pyar Tumhi Se Kar Baithe,2002
tt0396690,Kisna: The Warrior Poet,2005
tt0396782,Paisa Vasool,2004
tt0397882,Ab Tumhare Hawale Watan Saathiyo,2004
tt0401532,Jaago,2004
tt0402014,Ab Tak Chhappan,2004
tt0402606,Suno Sasurjee,2004
tt0402607,Tum: A Dangerous Obsession,2004
tt0403935,Action Jackson,2014
tt0405024,Hum Kaun Hai?,2004
tt0405046,Insaaf: The Justice,2004
tt0405266,Raincoat,2004
tt0405507,Murder,2004
tt0405508,Rang De Basanti,2006
tt0406977,Masti,2004
tt0408837,Hawas,2004
tt0408976,Krishna Cottage,2004
tt0409068,Muskaan,2004
tt0409527,Shabd,2005
tt0409724,Bardaasht,2004
tt0410591,Shart: The Challenge,2004
tt0411815,Run,2004
tt0414040,Gayab,2004
tt0414503,Shaadi Ka Laddoo,2004
tt0414713,Amu,2005
tt0414714,Girlfriend,2004
tt0415003,Garv: Pride and Honour,2004
tt0415373,WOH,2004
tt0415768,Dus,2005
tt0415908,Kaal,2005
tt0416120,Police Force: An Inside Story,2004
tt0416282,Vaastu Shastra,2004
tt0416712,Elaan,2005
tt0418096,Rakht,2004
tt0418362,Mujhse Shaadi Karogi,2004
tt0418460,Aitraaz,2004
tt0418598,"Chot [Aaj Isko, Kal Tereko]",2004
tt0418880,Mere Jeevan Saathi,2006
tt0419058,Phir Hera Pheri,2006
tt0419468,Baabul,2006
tt0419828,Hyderabad Blues 2,2004
tt0419974,Morning Raga,2004
tt0420123,Revati,2005
tt0420304,Viruddh... Family Comes First,2005
tt0420332,Veer-Zaara,2004
tt0421277,Julie,2004
tt0422091,Dhoom,2004
tt0422236,Fida,2004
tt0422950,Phir Milenge,2004
tt0423087,Rok Sako To Rok Lo,2004
tt0426075,Lakeer - Forbidden Lines,2004
tt0426864,Aakhri Inteqam,2002
tt0429289,Tauba Tauba,2004
tt0430030,Dobara,2004
tt0430328,Madhoshi,2004
tt0430381,Musafir,2004
tt0430480,Popcorn Khao! Mast Ho Jao,2004
tt0430589,Shaadi Karke Phas Gaya Yaar,2006
tt0430702,Tumsa Nahin Dekha,2004
tt0432047,Sarkar,2005
tt0432385,AK 47,2004
tt0432536,Hatya: The Murder,2004
tt0432637,Krrish,2006
tt0433605,Naach,2004
tt0435259,Padmashree Laloo Prasad Yadav,2005
tt0435390,Shukriya: Till Death Do Us Apart,2004
tt0435437,Taarzan: The Wonder Car,2004
tt0436451,Jo Bole So Nihaal,2005
tt0437182,Family: Ties of Blood,2006
tt0437238,Hulchul,2004
tt0437279,Khamoshh... Khauff Ki Raat,2005
tt0437407,Parineeta,2005
tt0438153,Let's Enjoy,2004
tt0438875,Insan,2005
tt0438894,Kisse Pyaar Karo?n,2009
tt0438981,Silsiilay,2005
tt0439662,Fanaa,2006
tt0439754,Pyaar Mein Twist,2005
tt0439872,Wajahh: A Reason to Kill,2004
tt0441048,Dhoom:2,2006
tt0442606,Mulaqaat,2002
tt0442764,Dil Jo Bhi Kahey...,2005
tt0442799,Kis Kis Ki Kismat,2004
tt0442855,Vaada,2005
tt0443208,Rog,2005
tt0443331,Milenge Milenge,2010
tt0443594,Naina,2005
tt0443708,Page 3,2005
tt0444767,A Sublime Love Story: Barsaat,2005
tt0444769,Blackmail,2005
tt0444781,Deewane Huye Paagal,2005
tt0444820,Fareb,2005
tt0444840,Humko Deewana Kar Gaye,2006
tt0444849,Karam,2005
tt0444874,Main Aisa Hi Hoon,2005
tt0444913,Tango Charlie,2005
tt0444915,Tathastu,2006
tt0445022,Jurm,2005
tt0445056,Sheesha,2005
tt0447235,Kiss Kis Ko,2004
tt0447890,Chaahat Ek Nasha...,2005
tt0448121,Sins,2005
tt0448206,Bunty Aur Babli,2005
tt0449189,Banaras,2006
tt0449228,Dosti: Friends Forever,2005
tt0449306,Lucky: No Time for Love,2005
tt0449389,Shaadi No. 1,2005
tt0449870,Chehraa,2005
tt0449982,Hum Dum,2005
tt0449994,Jodhaa Akbar,2008
tt0449999,Kabhi Alvida Naa Kehna,2006
tt0451631,Apaharan,2005
tt0451639,Bachke Rehna Re Baba,2005
tt0451787,Kyon Ki...,2005
tt0451803,Maine Pyaar Kyun Kiya,2005
tt0451824,My Wife's Murder,2005
tt0451833,No Entry,2005
tt0451850,Paheli,2005
tt0451919,Socha Na Tha,2005
tt0451983,Zeher,2005
tt0453582,7 1/2 Phere: More Than a Wedding,2005
tt0453671,Garam Masala,2005
tt0453729,Iqbal,2005
tt0453748,Kuchh Meetha Ho Jaye,2005
tt0454396,Aryan: Unbreakable,2006
tt0454429,Chingaari,2006
tt0456144,Lage Raho Munna Bhai,2006
tt0456165,Salaam Namaste,2005
tt0456413,Fight Club: Members Only,2006
tt0456481,Jaan-E-Mann: Let's Fall in Love... Again,2006
tt0456500,Kyaa Kool Hai Hum,2005
tt0456549,Mr Ya Miss,2005
tt0456558,Nazar,2005
tt0457875,Ek Ajnabee,2005
tt0457940,Home Delivery: Aapko... Ghar Tak,2005
tt0458017,Mixed Doubles,2006
tt0458027,Mumbai Godfather,2005
tt0459133,Shabnam Mausi,2005
tt0459293,"Gandhi, My Father",2007
tt0459423,Kahaani Gudiya Ki...: True Story of a Woman,2008
tt0459475,Naam Gum Jaayega,2005
tt0459605,Eklavya: The Royal Guard,2007
tt0461209,Ek Khiladi Ek Haseena,2005
tt0461258,Kal: Yesterday and Tomorrow,2005
tt0461323,Pyare Mohan,2006
tt0461936,Don,2006
tt0463279,2 October,2003
tt0464160,Chup Chup Ke,2006
tt0466208,Bhairav,2001
tt0466367,Chand Sa Roshan Chehra,2005
tt0466398,Ssukh,2005
tt0466460,Khosla's Nest,2006
tt0466546,The Film,2005
tt0466580,Siskiyaan,2005
tt0470398,Kasak,2005
tt0470521,Saawan... The Love Season,2006
tt0470614,Yun Hota Toh Kya Hota: What If...?,2006
tt0470869,Neal 'N' Nikki,2005
tt0471646,Darwaza Bandh Rakho,2006
tt0473310,Ram Gopal Varma's Indian Flames,2007
tt0473367,Jaane Tu... Ya Jaane Na,2008
tt0473567,...Yahaan,2005
tt0475627,Shikhar,2005
tt0475645,Vaah! Life Ho Toh Aisi!,2005
tt0476527,Bluffmaster!,2005
tt0476550,God Tussi Great Ho,2008
tt0476729,Aksar,2006
tt0476762,Big Brother,2007
tt0476805,Malamaal Weekly,2006
tt0476819,Nehlle Pe Dehlla,2007
tt0476848,Ramji Londonwaley,2005
tt0476884,Taxi No. 9 2 11: Nau Do Gyarah,2006
tt0476888,"Tom, Dick, and Harry",2006
tt0477252,36 China Town,2006
tt0477253,Aashiq Banaya Aapne: Love Takes Over,2005
tt0477574,Bengal Tiger,2001
tt0477857,Sehar,2005
tt0478868,Koi Mere Dil Mein Hai,2005
tt0479674,Gumnam Qatil,2001
tt0480572,Pyaar Ke Side Effects,2006
tt0482305,Ek Aur Visphot,2002
tt0483029,Kyon?,2003
tt0483239,Bullet: Ek Dhamaka,2005
tt0483282,Marshal,2002
tt0484279,Miss India: The Mystery,2003
tt0485272,Salaam-E-Ishq,2007
tt0485466,Jawani Diwani: A Youthful Joyride,2006
tt0485513,"Main, Meri Patni... Aur Woh!",2005
tt0485522,Umrao Jaan,2006
tt0485551,Time Pass,2005
tt0486615,London Dreams,2009
tt0487148,Chand Bujh Gaya,2005
tt0487149,Chetna: The Excitement,2005
tt0488287,Darwaza,2002
tt0488316,Mazaa Mazaa,2005
tt0488381,Corporate,2006
tt0488414,Omkara,2006
tt0488798,Welcome,2007
tt0488836,Hanuman,2005
tt0488840,Koi Aap Sa: But Lovers Have to Be Friends,2005
tt0488906,Zinda,2006
tt0488976,C U at 9,2005
tt0489028,Double Cross: Ek Dhoka,2005
tt0489486,"Good Boy, Bad Boy",2007
tt0489560,Shaadi Se Pehle,2006
tt0490170,Love Story 2050,2008
tt0490210,Sarkar Raj,2008
tt0490417,Gangobai,2002
tt0490434,Kaaboo,2002
tt0490454,Meri Aashiqui,2005
tt0490475,Raghu More: Bachelor of Hearts,2003
tt0491724,Prarambh,2004
tt0493417,Fool N Final,2007
tt0493437,Apna Sapna Money Money,2006
tt0494290,Vivah,2006
tt0495022,Ankahee,2006
tt0495032,Gangster,2006
tt0495034,Golmaal: Fun Unlimited,2006
tt0497606,Dansh,2005
tt0497887,Bhola in Bollywood,2004
tt0499041,Kalyug,2005
tt0499375,Guru,2007
tt0758053,Saawariya,2007
tt0770214,Kabul Express,2006
tt0779768,Teesri Aankh: The Hidden Camera,2006
tt0795434,Namastey London,2007
tt0800956,Life in a Metro,2007
tt0800981,Anthony Kaun Hai?,2006
tt0805184,Bhagam Bhag,2006
tt0806088,Heyy Babyy,2007
tt0807758,Partner,2007
tt0808306,Honeymoon Travels Pvt. Ltd.,2007
tt0810058,Aap Ki Khatir,2006
tt0811066,Shootout at Lokhandwala,2007
tt0813539,Mr Prime Minister,2005
tt0813540,Naksha,2006
tt0814014,Apne,2007
tt0814082,Dil Diya Hai,2006
tt0814158,Ishq Qayamat,2004
tt0814295,Rocky,2006
tt0816657,Speed,2007
tt0819810,Traffic Signal,2007
tt0823261,Zindaggi Rocks,2006
tt0823451,Dus Kahaniyaan,2007
tt0824316,Dor,2006
tt0824375,Nishabd,2007
tt0826165,Raja Bhai Lagey Raho...,2005
tt0829200,Humein Tumse Pyar Ho Gaya Chupke Chupke,2003
tt0831816,Shiva,2006
tt0831840,Ahista Ahista,2006
tt0832365,Stop!,2004
tt0833476,Jhoom Barabar Jhoom,2007
tt0833484,The Killer,2006
tt0833499,Mashooka,2005
tt0833537,Souten: The Other Woman,2006
tt0833553,Ta Ra Rum Pum,2007
tt0833561,Woh Lamhe,2006
tt0839742,Bhopal: A Prayer for Rain,2014
tt0845448,Dhamaal,2007
tt0845492,My Name Is Anthony Gonsalves,2008
tt0845494,Nanhe Jaisalmer: A Dream Come True,2007
tt0845503,Nigehbaan: The Third Eye,2005
tt0845529,Risk,2007
tt0847180,Loot,2011
tt0847758,Pyaar Zindagi Hai,2001
tt0857381,I See You,2006
tt0860454,MP3: Mera Pehla Pehla Pyaar,2007
tt0872190,Cash,2007
tt0874854,Anjaane: The Unkown,2005
tt0875692,Aggar: Passion Betrayal Terror,2007
tt0882969,The Golden Boys,2008
tt0885398,Anamika: The Untold Story,2008
tt0886505,Kaafila,2007
tt0886539,Luck by Chance,2009
tt0887753,Kya Love Story Hai,2007
tt0892874,Halla Bol,2008
tt0893585,Detective Naani,2009
tt0896968,Red: The Dark Side,2007
tt0898943,Raqeeb,2007
tt0920464,Manorama Six Feet Under,2007
tt0926029,99.9 FM,2005
tt0926187,Arjun Devaa,2001
tt0964516,Fashion,2008
tt0976026,Cheeni Kum,2007
tt0979891,Hattrick,2007
tt0982875,Gauri: The Unborn,2007
tt0985636,Laaga Chunari Mein Daag: Journey of a Woman,2007
tt0986213,Aaja Nachle,2007
tt0986264,Taare Zameen Par,2007
tt0988655,A Flat,2010
tt0989633,Delhii Heights,2007
tt0991267,30 Days,2004
tt0991346,Bhoothnath,2008
tt0995031,Bhool Bhulaiyaa,2007
tt0995035,Dhol,2007
tt0995718,Ek Chalis Ki Last Local,2007
tt0995740,No Smoking,2007
tt0995752,Tashan,2008
tt0995823,Khoya Khoya Chand,2007
tt0995827,The Train: Some Lines Shoulder Never Be Crossed...,2007
tt0995840,Aap Kaa Surroor: The Moviee - The Real Luv Story,2007
tt1014672,Bheja Fry,2007
tt1016044,Yehi Hai Zindagi,2005
tt1016159,Chain Kulii Ki Main Kulii,2007
tt1017456,Race,2008
tt1020937,Awarapan,2007
tt1020978,Naqaab,2007
tt1024839,De Taali,2008
tt1024852,Meerabai Not Out,2008
tt1024943,Om Shanti Om,2007
tt1029231,Krrish 3,2013
tt1034449,Kidnap,2008
tt1039989,Sunday,2008
tt1039995,U Me Aur Hum,2008
tt1043451,Delhi-6,2009
tt1043876,Woodstock Villa,2008
tt1047519,Red Swastik,2007
tt1050739,Roadside Romeo,2008
tt1056465,Chanchal,2008
tt1060249,Drona,2008
tt1065099,My Friend Ganesha,2007
tt1077248,Johnny Gaddaar,2007
tt1079967,Hastey Hastey Follow Your Heart,2008
tt1083447,Buddha Mar Gaya,2007
tt1083988,Journey Bombay to Goa: Laughter Unlimited,2007
tt1084972,Wanted,2009
tt1087856,Hello,2008
tt1090650,Dhokha,2007
tt1091229,Chandni Chowk to China,2009
tt1092005,Golmaal Returns,2008
tt1093370,Jab We Met,2007
tt1093387,Sab Kuch Hai Kuch Bhi Nahin,2005
tt1095038,Victoria No. 203: Diamonds Are Forever,2007
tt1099196,Dil Dosti Etc,2007
tt1101665,Shaurya: It Takes Courage to Make Right... Right,2008
tt1105709,8 x 10 Tasveer,2009
tt1105733,Kismat Konnection,2008
tt1105747,Yuvvraaj,2008
tt1114725,Heroes,2008
tt1117964,Bobby: Love and Lust,2005
tt1118646,Aseema: Beyond Boundaries,2009
tt1120897,Dhan Dhana Dhan Goal,2007
tt1124386,Pankh,2010
tt1126516,Money Hai Toh Honey Hai,2008
tt1127870,Mumbai Salsa,2007
tt1132589,Hijack,2008
tt1132595,Maan Gaye Mughall-E-Azam,2008
tt1132606,Ugly Aur Pagli,2008
tt1137434,Aabra Ka Daabra,2004
tt1137979,Rama Rama Kya Hai Dramaaa,2008
tt1139671,Yeh Hai Pyar Ka Mausam,2001
tt1144804,Kambakkht Ishq,2009
tt1146325,Singh Is Kinng,2008
tt1156148,Karzzzz,2008
tt1159917,Bombay to Bangkok,2008
tt1166100,Ghajini,2008
tt1169841,Return of Hanuman,2007
tt1170399,C Kkompany,2008
tt1170404,Mere Baap Pehle Aap,2008
tt1170411,Victory,2009
tt1172587,Delhi Safari,2012
tt1174041,Main Aurr Mrs Khanna,2009
tt1176141,Zahreela,2001
tt1176201,Jai Ganesh Deva,2001
tt1176911,Quick Gun Murugun: Misadventures of an Indian Cowboy,2009
tt1176960,One Two Three,2008
tt1176961,Paying Guests,2009
tt1178657,Superstar,2008
tt1179781,Mission Istaanbul: Darr Ke Aagey Jeet Hai!,2008
tt1179782,Mithya,2008
tt1182884,Dulha Mil Gaya,2010
tt1182908,Krazzy 4,2008
tt1182937,Rab Ne Bana Di Jodi,2008
tt1182972,Bachna Ae Haseeno,2008
tt1183917,Teen Patti,2010
tt1183944,Sadiyaan: Boundaries Divide... Love Unites,2010
tt1183946,The Stoneman Murders,2009
tt1185412,Veer,2010
tt1185420,Dostana,2008
tt1185442,Kurbaan,2009
tt1187043,3 Idiots,2009
tt1188982,Jai Ho,2014
tt1188996,My Name Is Khan,2010
tt1189006,Toonpur Ka Superrhero,2010
tt1191118,Hello Darling,2010
tt1191138,Thoda Pyaar Thoda Magic,2008
tt1194232,Jaane Kahan Se Aayi Hai,2010
tt1194236,Get Educated: Paathshaala,2010
tt1194608,Ek Vivaah... Aisa Bhi,2008
tt1198101,Kites,2010
tt1199490,Bad Luck Govind,2009
tt1199534,Tulsi: Mathrudevobhava,2008
tt1201557,Acid Factory,2009
tt1202344,Ab... Bas!,2004
tt1202517,Barah Aana,2009
tt1202540,Dil Bole Hadippa!,2009
tt1214948,Bhram: An Illusion,2008
tt1216276,26th July at Barista,2008
tt1216300,Jannat: In Search of Heaven...,2008
tt1217608,Yaar Meri Zindagi,2008
tt1218038,The President Is Coming,2009
tt1218345,Dil Kabaddi,2008
tt1220718,Via Darjeeling,2008
tt1221133,EMI: Liya Hai To Chukana Padega,2008
tt1221139,Welcome to Sajjanpur,2008
tt1221142,Mumbai Cutting,2011
tt1223922,Blue,2009
tt1224454,Sirf....: Life Looks Greener on the Other Side,2008
tt1227524,Aashayein,2010
tt1227762,Aladin,2009
tt1228707,Jimmy,2008
tt1228726,Mr. White Mr. Black,2008
tt1228744,Pranali: The Tradition,2008
tt1230165,Rock On!!,2008
tt1230448,Billu,2009
tt1234250,Mehbooba,2008
tt1236441,Phir Kabhi,2008
tt1238718,Alibaba Aur 40 Chor,2004
tt1238735,Dhoom Dadakka,2008
tt1241195,Aamir,2008
tt1241334,Saas Bahu Aur Sensex,2008
tt1242530,What's Your Raashee?,2009
tt1242782,Luck,2009
tt1242843,Contract,2008
tt1244093,Hisss,2010
tt1245774,Jail,2009
tt1252488,Haal-e-Dil,2008
tt1252562,Khushboo: The Fragraance of Love,2008
tt1252594,Aasma: The Sky Is the Limit,2009
tt1252596,Ajab Prem Ki Ghazab Kahani,2009
tt1252614,Sankat City,2009
tt1255873,Hari Puttar: A Comedy of Terrors,2008
tt1255951,De Dana Dan,2009
tt1259755,Boond,2001
tt1260689,Summer 2007,2008
tt1261047,Gulaal,2009
tt1266140,Mirchi: It's Hot,2004
tt1266545,Chamku,2008
tt1266583,Mumbai Meri Jaan,2008
tt1267400,Thodi Life Thoda Magic,2008
tt1267500,Phoonk,2008
tt1274295,Kaminey: The Scoundrels,2009
tt1275863,Love Aaj Kal,2009
tt1278447,Sikandar,2009
tt1279105,Ramaa: The Saviour,2010
tt1280558,A Wednesday,2008
tt1283926,My Friend Ganesha 2,2008
tt1285241,Don 2,2011
tt1285245,Lahore,2010
tt1287847,Mukhbiir,2008
tt1288638,Dasvidaniya,2008
tt1288644,Mere Khwabon Mein Jo Aaye,2009
tt1291465,Raajneeti,2010
tt1292642,Allah Ke Banday,2010
tt1292703,Oye Lucky! Lucky Oye!,2008
tt1301698,1920,2008
tt1305840,Aloo Chaat,2009
tt1309561,Lamhaa: The Untold Story of Kashmir,2010
tt1314274,Hulla,2008
tt1314367,Ru-Ba-Ru,2008
tt1324025,Rafoo Chakkar: Fun on the Run,2008
tt1324059,Wake Up Sid,2009
tt1324076,Fox,2009
tt1324078,Kal Kissne Dekha,2009
tt1327035,Dev D,2009
tt1327833,Sorry Bhai!,2008
tt1328634,New York,2009
tt1334254,Maharathi,2008
tt1334413,Jumbo,2008
tt1334437,Blue Oranges,2009
tt1334470,Raavan,2010
tt1339313,Jalwa: Fun in Love,2005
tt1340838,Raaz: The Mystery Continues,2009
tt1343362,Do Knot Disturb,2009
tt1345777,Ishqiya,2010
tt1351224,Pyaar Impossible!,2010
tt1363125,Naughty @ 40,2011
tt1363363,Chatur Singh Two Star,2011
tt1368453,Chargesheet,2011
tt1369669,Jai Veeru: Friends Forever,2009
tt1370429,99,2009
tt1372266,Kisaan,2009
tt1372304,Wafaa,2008
tt1372681,Aa Dekhen Zara,2009
tt1372694,Gumnaam: The Mystery,2008
tt1373156,Karthik Calling Karthik,2010
tt1375789,Race 2,2013
tt1385824,13B: Fear Has a New Address,2009
tt1388424,Three: Love Lies Betrayal,2009
tt1388903,Mirch,2010
tt1391544,Dhoondte Reh Jaoge,2009
tt1391894,Siddharth: The Prisoner,2009
tt1392744,Chance Pe Dance,2010
tt1395025,Agent Vinod,2012
tt1395054,Once Upon a Time in Mumbai,2010
tt1396208,Action Replayy,2010
tt1399602,Straight,2009
tt1404573,Daddy Cool: Join the Fun,2009
tt1408029,Krantiveer: The Revolution,2010
tt1415252,Agyaat: The Unknown,2009
tt1420539,Ek Se Bure Do,2009
tt1425618,Apartment: Rent at Your Own Risk,2010
tt1428459,We Are Family,2010
tt1431122,No Problem,2010
tt1431729,Mohandas,2009
tt1433810,Mumbai Diaries,2010
tt1433905,All the Best: Fun Begins,2009
tt1434447,Rocket Singh: Salesman of the Year,2009
tt1438298,Guzaarish,2010
tt1438486,Chal Chala Chal,2009
tt1442570,Fast Forward,2009
tt1442583,Tum Milo Toh Sahi,2010
tt1446055,Don Muthu Swami,2008
tt1447508,Peepli (Live),2010
tt1451797,Rann,2010
tt1454461,Ek: The Power of One,2009
tt1454567,Team: The Force,2009
tt1455811,Khatta Meetha,2010
tt1455816,Prince,2010
tt1456946,Anubhav: An Actor's Tale,2009
tt1465488,Happy Husbands,2011
tt1465493,Hum Tum Aur Ghost,2010
tt1471247,Road to Sangam,2010
tt1474271,Love Khichdi,2009
tt1479667,Aagey Se Right,2009
tt1479857,Zor Lagaa Ke... Haiya!,2009
tt1485072,Teree Sang: A Kidult Love Story,2009
tt1499201,Anjaana Anjaani,2010
tt1501301,Morning Walk,2009
tt1503640,Damadamm!,2011
tt1504687,I Am Singh,2011
tt1508259,Dhara,2008
tt1508950,Baabarr,2009
tt1509732,Aisha,2010
tt1512220,My Friend Pinto,2011
tt1512321,Vaada Raha... I Promise,2009
tt1522329,Tum Mile,2009
tt1532957,Paa,2009
tt1535467,Patiala House,2011
tt1538210,Aao Wish Karein,2009
tt1558578,Knock Out,2010
tt1562361,Let's Dance,2009
tt1562859,Golmaal 3,2010
tt1562871,Ra.One,2011
tt1562872,Zindagi Na Milegi Dobara,2011
tt1569529,"U, Bomsi n Me",2005
tt1570417,Accident on Hill Road,2010
tt1572311,Tees Maar Khan,2010
tt1573072,Housefull,2010
tt1573482,Striker,2010
tt1578116,Atithi Tum Kab Jaoge?,2010
tt1578261,Break Ke Baad,2010
tt1587388,Yeh Hai Malegaon Ka Superman,2009
tt1591615,World Cupp 2011,2009
tt1594964,Chase,2010
tt1594974,Shola: Fire of Love,2004
tt1596723,Click,2010
tt1600439,Shaapit: The Cursed,2010
tt1602476,Badmaa$h Company,2010
tt1603862,Jashnn: The Music Within,2009
tt1605778,Toh Baat Pakki!,2010
tt1605790,Zokkomon,2011
tt1606162,Aakhari Decision,2010
tt1606267,Lafangey Parindey,2010
tt1607568,Lava Kusa: The Warrior Twins,2010
tt1607600,Muskurake Dekh Zara,2010
tt1607607,Mittal v/s Mittal,2010
tt1608768,City of Gold - Mumbai 1982: Ek Ankahee Kahani,2010
tt1608777,"LSD: Love, Sex Aur Dhokha",2010
tt1610418,Prem Kaa Game,2010
tt1610452,Wedding Planners,2010
tt1612573,Rokkk,2010
tt1612574,Sanam Hum Aapke Hain...,2009
tt1612611,Phoonk 2,2010
tt1612761,Idiot Box,2010
tt1618430,Dum Maaro Dum,2011
tt1620620,The Japanese Wife,2010
tt1620697,Bhavnao Ko Samjho,2010
tt1620719,Dabangg,2010
tt1620907,Na Ghar Ke Na Ghaat Ke,2010
tt1625331,Hello Zindagi,2010
tt1627924,Mausam,2011
tt1629241,Bumm Bumm Bole,2010
tt1629260,Ek Second... Jo Zindagi Badal De...,2010
tt1629376,7 Khoon Maaf,2011
tt1629391,Tere Bin Laden,2010
tt1629424,Trump Card,2010
tt1630282,Sahi Dhandhe Galat Bande,2011
tt1630590,Kya Yahi Sach Hai,2011
tt1630613,Soch Lo,2010
tt1633171,Bird Idol,2010
tt1633212,Kajraare,2010
tt1633226,Musaa: The Most Wanted,2010
tt1633250,Swaha: Life Beyond Superstition,2010
tt1637691,Khelein Hum Jee Jaan Sey,2010
tt1639426,Udaan,2010
tt1643242,Trapped in Tradition: Rivaaz,2011
tt1646217,Mr. Singh/Mrs. Mehta,2010
tt1649760,The Film Emotional Atyachar,2010
tt1663647,Help,2010
tt1666184,Turning 30!!!,2011
tt1667076,F.A.L.T.U,2011
tt1667823,Bhindi Baazaar,2011
tt1667838,I Hate Luv Storys,2010
tt1668078,Daayen Ya Baayen,2010
tt1673391,Hello Hum Lallann Bol Rahe Hain,2010
tt1673411,Kushti,2010
tt1674068,I Am,2011
tt1694542,Tanu Weds Manu,2011
tt1696191,Tere Mere Phere,2011
tt1703958,Ek Main Aur Ekk Tu,2012
tt1706317,Tezz,2012
tt1708453,Aakrosh,2010
tt1708532,Ready,2011
tt1714832,Do Dooni Chaar,2010
tt1720254,Thank You,2011
tt1727496,Dil Toh Baccha Hai Ji,2011
tt1728986,Bol Bachchan,2012
tt1729637,Bodyguard,2011
tt1734110,No One Killed Jessica,2011
tt1738293,Khichdi: The Movie,2010
tt1740017,Payback,2010
tt1740092,Chitkabrey,2011
tt1740662,Benny and Babloo,2010
tt1740670,Dus Tola,2010
tt1740710,Mere Brother Ki Dulhan,2011
tt1742307,Dunno Y Na Jaane Kyun...,2010
tt1744641,Ramayana: The Epic,2010
tt1745753,Life Express,2010
tt1753640,Crook: It's Good to Be Bad,2010
tt1754920,Yeh Saali Zindagi,2011
tt1772762,Bachao - Inside Bhoot Hai...,2010
tt1772872,Game,2011
tt1773015,Phas Gaye Re Obama,2010
tt1773042,Shahrukh Bola 'Khoobsurat Hai Tu'... And She Believed in It,2010
tt1773109,Yamla Pagla Deewana,2011
tt1774473,Love You to Death,2012
tt1781838,Isi Life Mein...!,2010
tt1784589,Players,2012
tt1785333,Chittagong,2012
tt1787988,Talaash,2012
tt1796564,My Friend Ganesha 3,2010
tt1797548,Yeh Faasley,2011
tt1801521,Khap,2011
tt1806740,9 Eleven,2011
tt1807978,Bhoot and Friends,2010
tt1808221,Kaalo,2010
tt1809399,Utt Pataang,2011
tt1814619,Aashiqui.in,2011
tt1814683,Diary of a Butterfly,2012
tt1821480,Kahaani,2012
tt1821692,United Six,2011
tt1825655,Angel,2011
tt1825801,Hostel,2011
tt1828289,Shagird,2011
tt1830786,Rascals,2011
tt1833673,Dhoom: 3,2013
tt1836015,Kaccha Limboo,2011
tt1836912,Shaitan,2011
tt1839596,RockStar,2011
tt1841542,Chillar Party,2011
tt1847736,U R My Jaan,2011
tt1848771,Aarakshan,2011
tt1849718,Agneepath,2012
tt1852076,Qasam Se Qasam Se,2012
tt1867070,Teen Thay Bhai,2011
tt1869296,Bbuddah Hoga Terra Baap,2011
tt1877691,Love Breakups Zindagi,2011
tt1883121,404: Error Not Found,2011
tt1884268,Chalo Dilli,2011
tt1886663,Satrangee Parachute,2011
tt1887763,Haunted - 3D,2011
tt1887817,Monica,2011
tt1890513,Ragini MMS,2011
tt1891884,Once Upon a Time in Mumbai Dobaara!,2013
tt1893409,Ye Stupid Pyar,2011
tt1896781,Masti Express,2011
tt1899342,Vikalp,2011
tt1900937,Mumbai Mast Kallander,2011
tt1905076,Tum Hi To Ho...,2011
tt1907721,Men Will Be Men,2011
tt1908463,Bengaloored,2010
tt1912483,The Camp,2010
tt1916728,Shor in the City,2011
tt1918641,5ters: Castle of Dark Master,2011
tt1918650,A Strange Love Story,2011
tt1918886,Joker,2012
tt1918927,Luv Ka the End,2011
tt1918965,Murder 2,2011
tt1920986,Khuda Kasam,2010
tt1921071,Queens! Destiny of Dance,2011
tt1926313,Pyaar Ka Punchnama,2011
tt1929309,Mallika,2010
tt1934231,Delhi Belly,2011
tt1935184,Nakshatra,2010
tt1937092,Always Kabhi Kabhi,2011
tt1937455,Vroom,2010
tt1939654,Bheja Fry 2,2011
tt1941657,Soundtrack,2011
tt1942905,Kucch Luv Jaisaa,2011
tt1947973,Bin Bulaye Baraati,2011
tt1948047,Impatient Vivek,2011
tt1948150,Singham,2011
tt1948640,The Waiting Room,2010
tt1949548,Heroine,2012
tt1954206,The Dirty Picture,2011
tt1954470,Gangs of Wasseypur,2012
tt1954598,Ladies vs. Ricky Bahl,2011
tt1956433,Ata Pata Lapatta,2012
tt1961330,Good Luck!,2008
tt1961530,Tell Me O Kkhuda,2011
tt1964886,Love Express,2011
tt1970029,Suno Na.. Ek Nanhi Aawaz,2009
tt1979209,Chala Mussaddi - Office Office,2011
tt1980970,Gandhi to Hitler,2011
tt1980986,Housefull 2,2012
tt1985058,Dekh Bhai Dekh: Laughter Behind Darkness,2009
tt1985981,Desi Boyz,2011
tt1986040,Ishkq in Paris,2013
tt1986788,Chal Chalein,2009
tt1992138,Force,2011
tt1992257,Toss: A Flip of Destiny,2009
tt1995245,Aamras: The Sweet Taste of Friendship,2009
tt1995257,Bachelor Party,2009
tt1999857,Cycle Kick,2011
tt1999935,Not a Love Story,2011
tt2011871,Ashok Chakra: Tribute to Real Heroes,2010
tt2012576,Bubble Gum,2011
tt2016845,Aagaah: The Warning,2011
tt2016894,Ek Tha Tiger,2012
tt2023645,Phhir,2011
tt2027138,Kyaa Super Kool Hain Hum,2012
tt2028553,Stand By,2011
tt2032530,Shabri,2011
tt2033264,Hair is Falling: A Serious Comedy Film,2011
tt2033947,Aazaan,2011
tt2034011,Hum Tum Shabana,2011
tt2035528,Hum Do Anjaane,2011
tt2043923,Mod,2011
tt2046106,Jaana Pehchana,2011
tt2057441,Mujhse Fraaandship Karoge,2011
tt2058651,Maruti Mera Dosst,2009
tt2063745,Kya Dilli Kya Lahore,2014
tt2064816,"I, Me aur Main",2013
tt2064849,London Paris New York,2012
tt2064852,Lottery,2009
tt2066062,Shortcut Romeo,2013
tt2066899,Jugaad,2009
tt2066925,Mummy Punjabi: Superman Ki Bhi Maa!!,2011
tt2072227,Shanghai,2012
tt2073070,Saheb Biwi Aur Gangster,2011
tt2077833,Rowdy Rathore,2012
tt2082197,Barfi!,2012
tt2084863,Jo Dooba So Paar: It's Love in Bihar!,2011
tt2094854,Inkaar,2013
tt2100543,Hum Hai Raahi CAR Ke,2013
tt2104937,Miley - Naa Miley - Hum,2011
tt2106537,Matru ki Bijlee ka Mandola,2013
tt2109200,Shakal Pe Mat Ja,2011
tt2112124,Chennai Express,2013
tt2112131,Dabangg 2,2012
tt2112978,Jo Hum Chahein,2011
tt2122340,Ferrari Ki Sawaari,2012
tt2126282,Ekk Deewana Tha,2012
tt2130242,Tere Naal Love Ho Gaya,2012
tt2137064,Lanka,2011
tt2138010,3 Nights 4 Days,2009
tt2140315,Raaz 3: The Third Dimension,2012
tt2150074,Koi Hai,2003
tt2155776,Yeh Jo Mohabbat Hai,2012
tt2164702,Zindagi Tere Naam,2012
tt2166214,Khiladi 786,2012
tt2168910,Cocktail,2012
tt2172071,Student of the Year,2012
tt2175671,Ghost,2012
tt2176013,Jab Tak Hai Jaan,2012
tt2178470,Yeh Jawaani Hai Deewani,2013
tt2178508,Son of Sardaar,2012
tt2181931,English Vinglish,2012
tt2182726,Hansa,2012
tt2184125,Chaalis Chauraasi,2012
tt2185084,From Sydney with Love,2012
tt2186731,Department,2012
tt2186933,Luv Shuv Tey Chicken Khurana,2012
tt2187167,Unforgettable,2014
tt2187972,Shirin Farhad Ki Toh Nikal Padi,2012
tt2188749,Gali Gali Chor Hai,2012
tt2188805,Login,2012
tt2188893,Staying Alive,2012
tt2190256,Daal Mein kuch kaala hai,2012
tt2191164,Station,2014
tt2191641,Chaar Din Ki Chandni,2012
tt2191721,Jodi Breakers,2012
tt2193145,Maharana Pratap: The First Freedom Fighter,2012
tt2203308,Aashiqui 2,2013
tt2207668,Chakradhaar,2012
tt2208248,Machhli Jal Ki Rani Hai,2014
tt2210576,Myoho,2012
tt2213054,Kai po che!,2013
tt2215163,Issaq,2013
tt2215477,Goliyon Ki Rasleela Ram-Leela,2013
tt2216852,Main Aur Mr. Riight,2014
tt2220828,Identity Card,2014
tt2222550,1920: Evil Returns,2012
tt2222716,Baat Bann Gayi,2013
tt2224254,3 Bachelors,2012
tt2224313,Listen... Amaya,2013
tt2224317,Lootera,2013
tt2224541,Tutiya Dil,2012
tt2226666,Jism 2,2012
tt2229842,Table No. 21,2013
tt2232524,Mere Dost Picture Abhi Baaki Hai,2012
tt2234328,Siyaah..,2012
tt2236494,Shudra the Rising,2012
tt2241224,Cheenti Cheenti Bang Bang,2008
tt2243336,Aalaap,2012
tt2246533,2 Nights in Soul Valley,2012
tt2246595,Blood Money,2012
tt2246724,Ghanchakkar,2013
tt2251552,Challo Driver,2012
tt2253708,Future to Bright Hai Ji,2012
tt2255934,Aiyyaa,2012
tt2256514,Rush,2012
tt2265191,Bumboo,2012
tt2275794,Gori Tere Pyaar Mein,2013
tt2275802,Satyagraha,2013
tt2278422,Kamaal Dhamaal Malamaal,2012
tt2283894,Riyasat,2014
tt2292625,Chakravyuh,2012
tt2294685,Jeena Hai Toh Thok Daal,2012
tt2301155,Shootout at Wadala,2013
tt2306721,Second Marriage Dot Com,2012
tt2308773,Born to Hate... Destined to Love,2012
tt2308829,Milta Hai Chance by Chance,2011
tt2309764,Singham Returns,2014
tt2309987,Hate Story,2012
tt2317103,Sons of Ram,2012
tt2317135,Tamanchey,2014
tt2317337,Vicky Donor,2012
tt2318401,Bandook,2013
tt2319889,Jannat 2,2012
tt2321163,ABCD (Any Body Can Dance),2013
tt2321492,Krishna Aur Kans,2012
tt2323964,Mere Dad Ki Maruti,2013
tt2327389,Life Ki Toh Lag Gayi,2012
tt2332705,Love Recipe,2012
tt2337292,Chor chor super chor,2013
tt2338151,PK,2014
tt2339549,Maximum,2012
tt2341766,Nautanki Saala!,2013
tt2343417,Chhodo Kal Ki Baatein,2012
tt2344678,Himmatwala,2013
tt2346744,Cigarette Ki Tarah,2012
tt2347289,Bittoo Boss,2012
tt2350496,The Lunchbox,2013
tt2353824,Janleva 555,2012
tt2354223,Mumbai's King,2012
tt2354407,Teri Meri Kahaani,2012
tt2356180,Bhaag Milkha Bhaag,2013
tt2356959,Ajab Gazabb Love,2012
tt2357489,Zanjeer,2013
tt2357926,Ramaiya Vastavaiya,2013
tt2358412,David,2013
tt2359810,Raanjhanaa,2013
tt2361148,Club 60,2013
tt2362778,Saheb Biwi Aur Gangster Returns,2013
tt2367056,Chal Pichchur Banate Hain,2012
tt2369154,R... Rajkumar,2013
tt2372222,Kick,2014
tt2372678,2 States,2014
tt2377938,Special 26,2013
tt2378057,?: A Question Mark,2012
tt2387495,Jalpari: The Desert Mermaid,2012
tt2389486,Mai,2013
tt2389974,Aatma,2013
tt2401719,Prague,2013
tt2402131,Kismet Love Paisa Dilli,2012
tt2402691,Saari Raat,2013
tt2404027,Arjun: The Warrior Prince,2012
tt2404187,Bloody Isshq,2013
tt2404519,3G - A Killer Connection,2013
tt2404673,Overtime,2012
tt2406636,Bhoot Returns,2012
tt2406676,Ek Thi Daayan,2013
tt2416294,Rabba Main Kya Karoon,2013
tt2423132,Akaash Vani,2013
tt2429640,Murder 3,2013
tt2429930,Khwaabb,2014
tt2436516,Go Goa Gone,2013
tt2437954,Singh Saab the Great,2013
tt2438764,Rajjo,2013
tt2461132,Happy New Year,2014
tt2476154,Grand Masti,2013
tt2510874,Yamla Pagla Deewana 2,2013
tt2554042,Maazii,2013
tt2556308,Holiday,2014
tt2560016,Rajdhani Express,2013
tt2571140,Boss,2013
tt2573750,Gulaab Gang,2014
tt2574698,Gunday,2014
tt2576450,Besharam,2013
tt2589600,Mere Haule Dost,2013
tt2609218,Ragini MMS 2,2014
tt2609468,Sona Spa,2013
tt2612924,Lucky Kabootar,2014
tt2613380,Pehli Nazar Ka Pyaar,2008
tt2613942,Dehraadun Diary,2013
tt2615584,Phata Poster Nikhla Hero,2013
tt2621000,Jolly LLB,2013
tt2622130,Jayantabhai Ki Luv Story,2013
tt2624852,Gangoobai,2013
tt2630076,Super Nani,2014
tt2633598,Rise of the Zombie,2013
tt2635622,The Attacks of 26/11,2013
tt2675978,Dedh Ishqiya,2014
tt2679480,Sulemani Keeda,2014
tt2691010,Mumbai 125 KM 3D,2014
tt2699840,John Day,2013
tt2706264,Rangrezz,2013
tt2727028,Total Chaos,2014
tt2762334,Main Tera Hero,2014
tt2767712,Badlapur Boys,2014
tt2796318,Mickey Virus,2013
tt2797242,Bombay Talkies,2013
tt2798620,Chhota Bheem and the Curse of Damyaan,2012
tt2804026,Aurangzeb,2013
tt2806788,Fukrey,2013
tt2814372,Gippi,2013
tt2826126,Shree,2013
tt2848824,Bajatey Raho,2013
tt2855648,Madras Cafe,2013
tt2857500,Saare Jahaan Se Mehnga...,2013
tt2861320,Policegiri,2013
tt2871010,Sonali Cable,2014
tt2876408,Mr Joe B. Carvalho,2014
tt2905838,Bang Bang,2014
tt2907156,Paranthe Wali Gali,2014
tt2912578,Ankur Arora Murder Case,2013
tt2929840,Zindagi 50 50,2013
tt2941856,Enemmy,2013
tt2946506,It's Rocking: Dard-E-Disco,2012
tt2951576,One by Two,2014
tt2976172,Sixteen,2013
tt2976176,Lakshmi,2014
tt2978626,Entertainment,2014
tt2980794,Highway,2014
tt2988272,Shuddh Desi Romance,2013
tt2998196,Kuku Mathur Ki Jhand Ho Gayi,2014
tt3001638,Mary Kom,2014
tt3005850,Sooper Se Ooper,2013
tt3017412,Happy Ending,2014
tt3021244,Chaarfutiya Chhokare,2014
tt3031896,Lakeer ka Fakeer,2013
tt3036740,Humshakals,2014
tt3038772,Kaanchi,2014
tt3044882,Nasha,2013
tt3045946,Tara: The Journey of Love and Passion,2013
tt3056632,Manjunath,2014
tt3059106,Satya 2,2013
tt3138602,Warning,2013
tt3142232,Heropanti,2014
tt3142688,Finding Fanny,2014
tt3160450,Ooops a Desi,2013
tt3169676,Meinu Ek Ladki Chaahiye,2014
tt3169704,Raqt,2013
tt3173910,Hasee Toh Phasee,2014
tt3177332,Horror Story,2013
tt3211088,Le Gaya Saddam,2012
tt3211170,Say Yes to Love,2012
tt3257168,Shorts,2013
tt3260588,Bin Phere Free Me Tere,2013
tt3290688,Revolver Rani,2014
tt3302962,Shaadi Ke Side Effects,2014
tt3303416,Ya Rab,2014
tt3309662,Jackpot,2013
tt3309844,Titoo MBA,2014
tt3322420,Queen,2014
tt3324810,Chhota Bheem and the Throne of Bali,2013
tt3334348,Heartless,2014
tt3357416,What the Fish,2013
tt3359290,Bobby Jasoos,2014
tt3362728,Ungli,2014
tt3369670,Children of War,2014
tt3380264,Kill Dil,2014
tt3382148,Yaariyan,2014
tt3390572,Haider,2014
tt3398052,Daawat-e-Ishq,2014
tt3415692,Mahabharat,2013
tt3426144,Babloo Happy Hai,2014
tt3449320,Darr @ the Mall,2014
tt3465488,Karle Pyaar Karle,2014
tt3483596,O Teri,2014
tt3483646,Bewakoofiyaan,2014
tt3483712,Raja Natwarlal,2014
tt3495000,Mardaani,2014
tt3498050,Mokssh,2013
tt3498078,Ebn-e-Batuta,2014
tt3501994,Hawaa Hawaai,2014
tt3514330,Youngistaan,2014
tt3524410,Yeh Hai Bakrapur,2014
tt3527144,The Dirty Relation,2013
tt3531604,Gang of Ghosts,2014
tt3531852,Bhoothnath Returns,2014
tt3539966,Dishkiyaoon,2014
tt3542028,Chal Bhaag,2014
tt3554418,Khoobsurat,2014
tt3565354,Karar: The Deal,2014
tt3585758,Kahin Hai Mera Pyar,2014
tt3592020,Neighbours,2014
tt3617048,Angry Young Man,2014
tt3619772,Hate Story 2,2014
tt3619854,Creature,2014
tt3636776,Samrat & Co.,2014
tt3640942,Koyelaanchal,2014
tt3645014,The Xpose,2014
tt3672618,Dekh Tamasha Dekh,2014
tt3678938,Humpty Sharma Ki Dulhania,2014
tt3681414,Purani Jeans,2014
tt3683702,Fugly,2014
tt3709344,CityLights,2014
tt3716142,Lekar Hum Deewana Dil,2014
tt3720634,3 AM: A Paranormal Experience,2014
tt3748000,Bollywood Villa,2014
tt3794302,Pizza,2014
tt3814100,M.A.D: Mad About Dance,2014
tt3822600,Amit Sahni Ki List,2014
tt3847072,Ekkees Toppon Ki Salaami,2014
tt3848888,The Shaukeens,2014
tt3877652,Desi Kattey,2014
tt3881136,Life Is Beautiful,2014
tt3893476,Spark,2014
tt4010306,Jigariyaa,2014
tt4045666,Mumbai Delhi Mumbai,2014
tt4119196,Love U Crazy Girl,2014
tt4121522,Shuruaat Ka Interval,2014
tt4187650,Trip to Bhangarh,2014
tt4190220,Zed Plus,2014
tt4219300,Gollu aur Pappu,2014
tt4228746,Zid,2014
